Algoritmo;Cenario;Melhor_Fitness;Iter_Convergencia;Vizinhanca_Pct
GA;GA_Mut_Alta;71.12563533677488;0.0;6.5
GA;GA_Padrao;68.21982081985183;0.0;36.0
GA;GA_Pop_Alta;47.685725685046634;0.0;15.75
GA;GA_Pop_Baixa;-19.03561421133293;0.0;19.0
PSO;PSO_Inercia_Alta;112.95137933065651;0.0;42.0
PSO;PSO_Inercia_Baixa;114.8965352725431;0.0;100.0
PSO;PSO_Padrao;114.8965352725431;0.0;100.0
PSO;PSO_Pop_Alta;113.01770615614014;0.0;100.0
